year,code,count,class,area_km2,pct
1993,5,2643267,Shrubland,237894.03,2.7600656647585713
1993,7,4569752,Grassland,411277.68,4.771676713575212
1993,8,22527721,Cropland,2027494.89,23.523158741572693
1993,9,162771,Wetland,14649.39,0.1699634007152578
1993,11,2089,Lichens & Mosses,188.01,0.002181307137599287
1993,12,14885972,Bareland,1339737.48,15.543741969221223
1993,13,448493,Built-up,40364.369999999995,0.46831066637784446
1993,15,39454926,Water,3550943.34,41.19833015665471
1993,16,22194,Ice/Snow,1997.46,0.023174691532732685
1993,20,11051080,Forest,994597.2,11.539396688454156
