year,code,count,class,area_km2,pct
1994,5,2642929,Shrubland,237863.61,2.759712729472545
1994,7,4569412,Grassland,411247.07999999996,4.771321689914712
1994,8,22520229,Cropland,2026820.6099999999,23.51533569079486
1994,9,162734,Wetland,14646.06,0.16992476578749754
1994,11,2088,Lichens & Mosses,187.92,0.0021802629503625236
1994,12,14882692,Bareland,1339442.28,15.54031703508464
1994,13,460745,Built-up,41467.049999999996,0.48110404840267285
1994,15,39454739,Water,3550926.51,41.19813489364144
1994,16,22194,Ice/Snow,1997.46,0.023174691532732685
1994,20,11050503,Forest,994545.27,11.538794192418543
