year,code,count,class,area_km2,pct
1996,5,2627945,Shrubland,236515.05,2.7440666279168786
1996,7,4595235,Grassland,413571.14999999997,4.79828573692966
1996,8,22506559,Cropland,2025590.3099999998,23.501061651268298
1996,9,161840,Wetland,14565.6,0.16899126239783085
1996,11,2088,Lichens & Mosses,187.92,0.0021802629503625236
1996,12,14885973,Bareland,1339737.57,15.54374301340846
1996,13,487493,Built-up,43874.369999999995,0.5090339686116272
1996,15,39445760,Water,3550118.4,41.188759136442535
1996,16,22194,Ice/Snow,1997.46,0.023174691532732685
1996,20,11033178,Forest,992986.02,11.520703648541613
