year,code,count,class,area_km2,pct
1997,5,2623747,Shrubland,236137.22999999998,2.739683129896944
1997,7,4602110,Grassland,414189.89999999997,4.80546452418241
1997,8,22499875,Cropland,2024988.75,23.49408230377777
1997,9,161671,Wetland,14550.39,0.16881479475481778
1997,11,2088,Lichens & Mosses,187.92,0.0021802629503625236
1997,12,14883500,Bareland,1339515.0,15.541160738371945
1997,13,501936,Built-up,45174.24,0.5241151648722048
1997,15,39445148,Water,3550063.32,41.188120093853634
1997,16,22194,Ice/Snow,1997.46,0.023174691532732685
1997,20,11025996,Forest,992339.64,11.513204295807176
